message_number;message_time_s;Ellipse_factor;X;Y;Z;AX;AY;AZ;;;;message_number;message_time_s;Ellipse_factor;X;Y;Z;AX;AY;AZ
0;0;0.000000;0.779972;2.280002;0.437034;2.249071;2.178087;0.015350;;;;0;0;0.000000;0.779972;2.280002;0.437034;2.249071;2.178087;0.015350
1;0.0521417;0.000000;0.779970;2.280010;0.437034;2.249060;2.178098;0.015350;;;;1;0.0521417;0.000000;0.779970;2.280010;0.437034;2.249060;2.178098;0.015350
2;0.112202;0.000000;0.780068;2.279523;0.437030;2.249382;2.177768;0.015352;;;;2;0.112202;0.000000;0.780068;2.279523;0.437030;2.249382;2.177768;0.015352
3;0.17202;0.000000;0.780437;2.277677;0.437036;2.249720;2.177420;0.015355;;;;3;0.17202;0.000000;0.780437;2.277677;0.437036;2.249720;2.177420;0.015355
4;0.232041;0.000000;0.781065;2.274488;0.437054;2.249898;2.177237;0.015355;;;;4;0.232041;0.000000;0.781065;2.274488;0.437054;2.249898;2.177237;0.015355
5;0.294273;0.000000;0.781863;2.270275;0.437070;2.249871;2.177263;0.015354;;;;5;0.294273;0.000000;0.781863;2.270275;0.437070;2.249871;2.177263;0.015354
6;0.352287;0.000000;0.782715;2.265584;0.437087;2.249775;2.177359;0.015352;;;;6;0.352287;0.000000;0.782715;2.265584;0.437087;2.249775;2.177359;0.015352
7;0.412383;0.000000;0.783423;2.261055;0.437107;2.249566;2.177587;0.015383;;;;7;0.412383;0.000000;0.783423;2.261055;0.437107;2.249566;2.177587;0.015383
8;0.471937;0.000000;0.784006;2.256769;0.437128;2.249304;2.177868;0.015414;;;;8;0.471937;0.000000;0.784006;2.256769;0.437128;2.249304;2.177868;0.015414
9;0.531906;0.000000;0.784639;2.252485;0.437147;2.249208;2.177980;0.015446;;;;9;0.531906;0.000000;0.784639;2.252485;0.437147;2.249208;2.177980;0.015446
10;0.591968;0.000000;0.785284;2.248327;0.437163;2.249078;2.178125;0.015478;;;;10;0.591968;0.000000;0.785284;2.248327;0.437163;2.249078;2.178125;0.015478
11;0.651908;0.000000;0.785948;2.244102;0.437177;2.249301;2.177894;0.015479;;;;11;0.651908;0.000000;0.785948;2.244102;0.437177;2.249301;2.177894;0.015479
12;0.711966;0.000000;0.786580;2.240031;0.437190;2.249079;2.178120;0.015476;;;;12;0.711966;0.000000;0.786580;2.240031;0.437190;2.249079;2.178120;0.015476
13;0.771883;0.000000;0.787190;2.236009;0.437204;2.249084;2.178127;0.015510;;;;13;0.771883;0.000000;0.787190;2.236009;0.437204;2.249084;2.178127;0.015510
14;0.832057;0.000000;0.787761;2.232123;0.437218;2.248998;2.178226;0.015543;;;;14;0.832057;0.000000;0.787761;2.232123;0.437218;2.248998;2.178226;0.015543
15;0.911161;0.000000;0.788289;2.228415;0.437225;2.248957;2.178279;0.015576;;;;15;0.911161;0.000000;0.788289;2.228415;0.437225;2.248957;2.178279;0.015576
16;0.964147;0.000000;0.788833;2.224524;0.437239;2.249084;2.178159;0.015611;;;;16;0.964147;0.000000;0.788833;2.224524;0.437239;2.249084;2.178159;0.015611
17;1.024;0.000000;0.789343;2.220796;0.437257;2.249077;2.178178;0.015645;;;;17;1.024;0.000000;0.789343;2.220796;0.437257;2.249077;2.178178;0.015645
18;1.08405;0.000000;0.789892;2.217125;0.437268;2.249123;2.178141;0.015679;;;;18;1.08405;0.000000;0.789892;2.217125;0.437268;2.249123;2.178141;0.015679
19;1.14696;0.000000;0.790542;2.213528;0.437273;2.249170;2.178090;0.015679;;;;19;1.14696;0.000000;0.790542;2.213528;0.437273;2.249170;2.178090;0.015679
20;1.20699;0.000000;0.791228;2.209985;0.437271;2.249282;2.177972;0.015679;;;;20;1.20699;0.000000;0.791228;2.209985;0.437271;2.249282;2.177972;0.015679
21;1.26405;0.000000;0.791861;2.206557;0.437274;2.249219;2.178035;0.015678;;;;21;1.26405;0.000000;0.791861;2.206557;0.437274;2.249219;2.178035;0.015678
22;1.33497;0.000000;0.792467;2.203168;0.437277;2.249160;2.178093;0.015677;;;;22;1.33497;0.000000;0.792467;2.203168;0.437277;2.249160;2.178093;0.015677
23;1.39564;0.000000;0.793054;2.200030;0.437285;2.248965;2.178291;0.015676;;;;23;1.39564;0.000000;0.793054;2.200030;0.437285;2.248965;2.178291;0.015676
24;1.45404;0.000000;0.793612;2.196615;0.437289;2.249166;2.178082;0.015677;;;;24;1.45404;0.000000;0.793612;2.196615;0.437289;2.249166;2.178082;0.015677
25;1.5141;0.000000;0.794146;2.193345;0.437291;2.249159;2.178087;0.015676;;;;25;1.5141;0.000000;0.794146;2.193345;0.437291;2.249159;2.178087;0.015676
26;1.57412;0.000000;0.794650;2.190220;0.437293;2.249062;2.178185;0.015675;;;;26;1.57412;0.000000;0.794650;2.190220;0.437293;2.249062;2.178185;0.015675
27;1.63404;0.000000;0.795158;2.187102;0.437295;2.248978;2.178269;0.015674;;;;27;1.63404;0.000000;0.795158;2.187102;0.437295;2.248978;2.178269;0.015674
28;1.6941;0.000000;0.795641;2.184051;0.437296;2.248974;2.178271;0.015673;;;;28;1.6941;0.000000;0.795641;2.184051;0.437296;2.248974;2.178271;0.015673
29;1.75406;0.000000;0.796104;2.181154;0.437297;2.248976;2.178267;0.015673;;;;29;1.75406;0.000000;0.796104;2.181154;0.437297;2.248976;2.178267;0.015673
30;1.81406;0.000000;0.796570;2.178248;0.437303;2.249025;2.178215;0.015673;;;;30;1.81406;0.000000;0.796570;2.178248;0.437303;2.249025;2.178215;0.015673
31;1.87435;0.000000;0.797001;2.175459;0.437309;2.248969;2.178271;0.015672;;;;31;1.87435;0.000000;0.797001;2.175459;0.437309;2.248969;2.178271;0.015672
32;1.93405;0.000000;0.797433;2.172696;0.437314;2.249011;2.178226;0.015672;;;;32;1.93405;0.000000;0.797433;2.172696;0.437314;2.249011;2.178226;0.015672
33;1.99398;0.000000;0.797853;2.169983;0.437325;2.248964;2.178272;0.015671;;;;33;1.99398;0.000000;0.797853;2.169983;0.437325;2.248964;2.178272;0.015671
34;2.05409;0.000000;0.798258;2.167294;0.437348;2.248956;2.178278;0.015671;;;;34;2.05409;0.000000;0.798258;2.167294;0.437348;2.248956;2.178278;0.015671
35;2.1141;0.000000;0.798645;2.164699;0.437371;2.248971;2.178261;0.015670;;;;35;2.1141;0.000000;0.798645;2.164699;0.437371;2.248971;2.178261;0.015670
36;2.17419;0.000000;0.799061;2.162166;0.437392;2.249029;2.178200;0.015670;;;;36;2.17419;0.000000;0.799061;2.162166;0.437392;2.249029;2.178200;0.015670
37;2.23393;0.000000;0.799455;2.159683;0.437413;2.249057;2.178169;0.015670;;;;37;2.23393;0.000000;0.799455;2.159683;0.437413;2.249057;2.178169;0.015670
38;2.29401;0.000000;0.799798;2.157300;0.437435;2.249027;2.178199;0.015669;;;;38;2.29401;0.000000;0.799798;2.157300;0.437435;2.249027;2.178199;0.015669
39;2.36995;0.000000;0.800140;2.154969;0.437450;2.249050;2.178174;0.015669;;;;39;2.36995;0.000000;0.800140;2.154969;0.437450;2.249050;2.178174;0.015669
40;2.42647;0.000000;0.800472;2.152794;0.437465;2.248984;2.178240;0.015668;;;;40;2.42647;0.000000;0.800472;2.152794;0.437465;2.248984;2.178240;0.015668
41;2.48201;0.000000;0.800801;2.150495;0.437476;2.249064;2.178167;0.015704;;;;41;2.48201;0.000000;0.800801;2.150495;0.437476;2.249064;2.178167;0.015704
42;2.54203;0.000000;0.801103;2.148273;0.437491;2.249148;2.178079;0.015704;;;;42;2.54203;0.000000;0.801103;2.148273;0.437491;2.249148;2.178079;0.015704
43;2.60202;0.000000;0.801448;2.146087;0.437498;2.249093;2.178134;0.015703;;;;43;2.60202;0.000000;0.801448;2.146087;0.437498;2.249093;2.178134;0.015703
44;2.66199;0.000000;0.801775;2.143898;0.437506;2.249193;2.178030;0.015704;;;;44;2.66199;0.000000;0.801775;2.143898;0.437506;2.249193;2.178030;0.015704
45;2.72197;0.000000;0.802079;2.141752;0.437514;2.249250;2.177969;0.015704;;;;45;2.72197;0.000000;0.802079;2.141752;0.437514;2.249250;2.177969;0.015704
46;2.78218;0.000000;0.802363;2.139639;0.437516;2.249252;2.177966;0.015704;;;;46;2.78218;0.000000;0.802363;2.139639;0.437516;2.249252;2.177966;0.015704
47;2.84203;0.000000;0.802671;2.137666;0.437516;2.249199;2.178019;0.015703;;;;47;2.84203;0.000000;0.802671;2.137666;0.437516;2.249199;2.178019;0.015703
48;2.90199;0.000000;0.802946;2.135805;0.437517;2.249172;2.178046;0.015702;;;;48;2.90199;0.000000;0.802946;2.135805;0.437517;2.249172;2.178046;0.015702
49;2.96199;0.000000;0.803223;2.133882;0.437518;2.249125;2.178093;0.015702;;;;49;2.96199;0.000000;0.803223;2.133882;0.437518;2.249125;2.178093;0.015702
50;3.02195;0.000000;0.803509;2.132046;0.437524;2.249136;2.178080;0.015701;;;;50;3.02195;0.000000;0.803509;2.132046;0.437524;2.249136;2.178080;0.015701
51;3.08201;0.000000;0.803764;2.130313;0.437536;2.249076;2.178140;0.015701;;;;51;3.08201;0.000000;0.803764;2.130313;0.437536;2.249076;2.178140;0.015701
52;3.14202;0.000000;0.804034;2.128519;0.437542;2.249128;2.178086;0.015701;;;;52;3.14202;0.000000;0.804034;2.128519;0.437542;2.249128;2.178086;0.015701
53;3.20197;0.000000;0.804282;2.126829;0.437548;2.249085;2.178129;0.015700;;;;53;3.20197;0.000000;0.804282;2.126829;0.437548;2.249085;2.178129;0.015700
54;3.26199;0.000000;0.804508;2.125190;0.437555;2.249025;2.178190;0.015699;;;;54;3.26199;0.000000;0.804508;2.125190;0.437555;2.249025;2.178190;0.015699
55;3.32192;0.000000;0.804709;2.123629;0.437556;2.248997;2.178217;0.015699;;;;55;3.32192;0.000000;0.804709;2.123629;0.437556;2.248997;2.178217;0.015699
56;3.38205;0.000000;0.804928;2.122112;0.437557;2.248963;2.178251;0.015698;;;;56;3.38205;0.000000;0.804928;2.122112;0.437557;2.248963;2.178251;0.015698
57;3.44205;0.000000;0.805151;2.120603;0.437562;2.248977;2.178235;0.015698;;;;57;3.44205;0.000000;0.805151;2.120603;0.437562;2.248977;2.178235;0.015698
58;3.50203;0.000000;0.805335;2.119119;0.437570;2.248994;2.178217;0.015698;;;;58;3.50203;0.000000;0.805335;2.119119;0.437570;2.248994;2.178217;0.015698
59;3.5622;0.000000;0.805524;2.117705;0.437576;2.248996;2.178214;0.015698;;;;59;3.5622;0.000000;0.805524;2.117705;0.437576;2.248996;2.178214;0.015698
60;3.62213;0.000000;0.805714;2.116334;0.437576;2.248979;2.178230;0.015697;;;;60;3.62213;0.000000;0.805714;2.116334;0.437576;2.248979;2.178230;0.015697
61;3.68603;0.000000;0.805918;2.115025;0.437582;2.248922;2.178288;0.015697;;;;61;3.68603;0.000000;0.805918;2.115025;0.437582;2.248922;2.178288;0.015697
62;3.74605;0.000000;0.806087;2.113680;0.437583;2.249015;2.178192;0.015697;;;;62;3.74605;0.000000;0.806087;2.113680;0.437583;2.249015;2.178192;0.015697
63;3.80597;0.000000;0.806262;2.112431;0.437589;2.249024;2.178181;0.015697;;;;63;3.80597;0.000000;0.806262;2.112431;0.437589;2.249024;2.178181;0.015697
64;3.86597;0.000000;0.806426;2.111172;0.437590;2.249068;2.178136;0.015697;;;;64;3.86597;0.000000;0.806426;2.111172;0.437590;2.249068;2.178136;0.015697
65;3.92594;0.000000;0.806564;2.109975;0.437597;2.249071;2.178131;0.015697;;;;65;3.92594;0.000000;0.806564;2.109975;0.437597;2.249071;2.178131;0.015697
66;3.98612;0.000000;0.806742;2.108795;0.437609;2.249074;2.178170;0.015741;;;;66;3.98612;0.000000;0.806742;2.108795;0.437609;2.249074;2.178170;0.015741
67;4.04628;0.000000;0.806893;2.107641;0.437609;2.249081;2.178183;0.015763;;;;67;4.04628;0.000000;0.806893;2.107641;0.437609;2.249081;2.178183;0.015763
68;4.10612;0.000000;0.807014;2.106522;0.437617;2.249056;2.178228;0.015785;;;;68;4.10612;0.000000;0.807014;2.106522;0.437617;2.249056;2.178228;0.015785
69;4.16616;0.000000;0.807154;2.105394;0.437624;2.249080;2.178203;0.015785;;;;69;4.16616;0.000000;0.807154;2.105394;0.437624;2.249080;2.178203;0.015785
70;4.22599;0.000000;0.807301;2.104319;0.437624;2.249108;2.178194;0.015807;;;;70;4.22599;0.000000;0.807301;2.104319;0.437624;2.249108;2.178194;0.015807
71;4.28601;0.000000;0.807434;2.103331;0.437619;2.249077;2.178225;0.015807;;;;71;4.28601;0.000000;0.807434;2.103331;0.437619;2.249077;2.178225;0.015807
72;4.34615;0.000000;0.807559;2.102334;0.437620;2.249080;2.178221;0.015807;;;;72;4.34615;0.000000;0.807559;2.102334;0.437620;2.249080;2.178221;0.015807
73;4.40608;0.000000;0.807694;2.101372;0.437620;2.249040;2.178262;0.015807;;;;73;4.40608;0.000000;0.807694;2.101372;0.437620;2.249040;2.178262;0.015807
74;4.46602;0.000000;0.807825;2.100436;0.437621;2.249062;2.178238;0.015807;;;;74;4.46602;0.000000;0.807825;2.100436;0.437621;2.249062;2.178238;0.015807
75;4.52599;0.000000;0.807938;2.099527;0.437622;2.249075;2.178224;0.015807;;;;75;4.52599;0.000000;0.807938;2.099527;0.437622;2.249075;2.178224;0.015807
76;4.58599;0.000000;0.808051;2.098635;0.437623;2.249103;2.178195;0.015807;;;;76;4.58599;0.000000;0.808051;2.098635;0.437623;2.249103;2.178195;0.015807
77;4.65107;0.000000;0.808155;2.097760;0.437631;2.249096;2.178201;0.015807;;;;77;4.65107;0.000000;0.808155;2.097760;0.437631;2.249096;2.178201;0.015807
78;4.70616;0.000000;0.808261;2.096868;0.437632;2.249088;2.178208;0.015807;;;;78;4.70616;0.000000;0.808261;2.096868;0.437632;2.249088;2.178208;0.015807
79;4.76625;0.000000;0.808376;2.096010;0.437633;2.249108;2.178188;0.015807;;;;79;4.76625;0.000000;0.808376;2.096010;0.437633;2.249108;2.178188;0.015807
80;4.82606;0.000000;0.808502;2.095170;0.437639;2.249094;2.178201;0.015807;;;;80;4.82606;0.000000;0.808502;2.095170;0.437639;2.249094;2.178201;0.015807
81;4.88605;0.000000;0.808583;2.094365;0.437641;2.249084;2.178211;0.015807;;;;81;4.88605;0.000000;0.808583;2.094365;0.437641;2.249084;2.178211;0.015807
82;4.94608;0.000000;0.808667;2.093631;0.437643;2.249082;2.178212;0.015806;;;;82;4.94608;0.000000;0.808667;2.093631;0.437643;2.249082;2.178212;0.015806
83;5.00596;0.000000;0.808743;2.092897;0.437645;2.249116;2.178177;0.015807;;;;83;5.00596;0.000000;0.808743;2.092897;0.437645;2.249116;2.178177;0.015807
84;5.06601;0.000000;0.808827;2.092181;0.437647;2.249116;2.178176;0.015807;;;;84;5.06601;0.000000;0.808827;2.092181;0.437647;2.249116;2.178176;0.015807
85;5.12604;0.000000;0.808903;2.091490;0.437650;2.249155;2.178135;0.015807;;;;85;5.12604;0.000000;0.808903;2.091490;0.437650;2.249155;2.178135;0.015807
86;5.18609;0.000000;0.808978;2.090809;0.437646;2.249100;2.178191;0.015806;;;;86;5.18609;0.000000;0.808978;2.090809;0.437646;2.249100;2.178191;0.015806
87;5.24603;0.000000;0.809041;2.090145;0.437649;2.249119;2.178172;0.015806;;;;87;5.24603;0.000000;0.809041;2.090145;0.437649;2.249119;2.178172;0.015806
88;5.306;0.000000;0.809103;2.089490;0.437657;2.249114;2.178176;0.015806;;;;88;5.306;0.000000;0.809103;2.089490;0.437657;2.249114;2.178176;0.015806
89;5.36604;0.000000;0.809198;2.088861;0.437658;2.249149;2.178140;0.015807;;;;89;5.36604;0.000000;0.809198;2.088861;0.437658;2.249149;2.178140;0.015807
90;5.42603;0.000000;0.809257;2.088285;0.437667;2.249070;2.178220;0.015806;;;;90;5.42603;0.000000;0.809257;2.088285;0.437667;2.249070;2.178220;0.015806
91;5.48603;0.000000;0.809323;2.087683;0.437668;2.249092;2.178190;0.015770;;;;91;5.48603;0.000000;0.809323;2.087683;0.437668;2.249092;2.178190;0.015770
92;5.54623;0.000000;0.809406;2.087115;0.437675;2.249038;2.178244;0.015769;;;;92;5.54623;0.000000;0.809406;2.087115;0.437675;2.249038;2.178244;0.015769
93;5.61256;0.000000;0.809456;2.086566;0.437678;2.249094;2.178187;0.015770;;;;93;5.61256;0.000000;0.809456;2.086566;0.437678;2.249094;2.178187;0.015770
94;5.66804;0.000000;0.809498;2.086034;0.437676;2.249080;2.178201;0.015769;;;;94;5.66804;0.000000;0.809498;2.086034;0.437676;2.249080;2.178201;0.015769
95;5.73202;0.000000;0.809539;2.085503;0.437680;2.249137;2.178141;0.015770;;;;95;5.73202;0.000000;0.809539;2.085503;0.437680;2.249137;2.178141;0.015770
96;5.79206;0.000000;0.809594;2.085006;0.437677;2.249092;2.178188;0.015769;;;;96;5.79206;0.000000;0.809594;2.085006;0.437677;2.249092;2.178188;0.015769
97;5.85204;0.000000;0.809665;2.084509;0.437673;2.249106;2.178173;0.015770;;;;97;5.85204;0.000000;0.809665;2.084509;0.437673;2.249106;2.178173;0.015770
98;5.91719;0.000000;0.809719;2.084022;0.437670;2.249133;2.178145;0.015770;;;;98;5.91719;0.000000;0.809719;2.084022;0.437670;2.249133;2.178145;0.015770
99;5.97803;0.000000;0.809753;2.083570;0.437667;2.249057;2.178222;0.015769;;;;99;5.97803;0.000000;0.809753;2.083570;0.437667;2.249057;2.178222;0.015769
100;6.04343;0.000000;0.809804;2.083126;0.437671;2.249125;2.178153;0.015770;;;;100;6.04343;0.000000;0.809804;2.083126;0.437671;2.249125;2.178153;0.015770
101;6.10261;0.000000;0.809874;2.082664;0.437667;2.249119;2.178158;0.015769;;;;101;6.10261;0.000000;0.809874;2.082664;0.437667;2.249119;2.178158;0.015769
102;6.15804;0.000000;0.809936;2.082176;0.437663;2.249063;2.178215;0.015769;;;;102;6.15804;0.000000;0.809936;2.082176;0.437663;2.249063;2.178215;0.015769
103;6.21808;0.000000;0.809973;2.081723;0.437661;2.249129;2.178147;0.015769;;;;103;6.21808;0.000000;0.809973;2.081723;0.437661;2.249129;2.178147;0.015769
104;6.27813;0.000000;0.810019;2.081297;0.437664;2.249128;2.178148;0.015769;;;;104;6.27813;0.000000;0.810019;2.081297;0.437664;2.249128;2.178148;0.015769
105;6.34715;0.000000;0.810065;2.080871;0.437661;2.249138;2.178137;0.015769;;;;105;6.34715;0.000000;0.810065;2.080871;0.437661;2.249138;2.178137;0.015769
106;6.40002;0.000000;0.810104;2.080490;0.437665;2.249094;2.178182;0.015769;;;;106;6.40002;0.000000;0.810104;2.080490;0.437665;2.249094;2.178182;0.015769
107;6.45995;0.000000;0.810134;2.080099;0.437663;2.249132;2.178142;0.015769;;;;107;6.45995;0.000000;0.810134;2.080099;0.437663;2.249132;2.178142;0.015769
108;6.52008;0.000000;0.810155;2.079727;0.437667;2.249149;2.178125;0.015769;;;;108;6.52008;0.000000;0.810155;2.079727;0.437667;2.249149;2.178125;0.015769
109;6.58007;0.000000;0.810186;2.079381;0.437671;2.249085;2.178190;0.015769;;;;109;6.58007;0.000000;0.810186;2.079381;0.437671;2.249085;2.178190;0.015769
110;6.63999;0.000000;0.810230;2.079052;0.437669;2.249012;2.178266;0.015768;;;;110;6.63999;0.000000;0.810230;2.079052;0.437669;2.249012;2.178266;0.015768
111;6.69999;0.000000;0.810273;2.078696;0.437672;2.249006;2.178271;0.015768;;;;111;6.69999;0.000000;0.810273;2.078696;0.437672;2.249006;2.178271;0.015768
112;6.76009;0.000000;0.810304;2.078350;0.437670;2.249156;2.178116;0.015769;;;;112;6.76009;0.000000;0.810304;2.078350;0.437670;2.249156;2.178116;0.015769
113;6.81999;0.000000;0.810335;2.078048;0.437674;2.249205;2.178066;0.015770;;;;113;6.81999;0.000000;0.810335;2.078048;0.437674;2.249205;2.178066;0.015770
114;6.88702;0.000000;0.810367;2.077737;0.437672;2.249145;2.178127;0.015769;;;;114;6.88702;0.000000;0.810367;2.077737;0.437672;2.249145;2.178127;0.015769
115;6.95009;0.000000;0.810378;2.077444;0.437677;2.249076;2.178198;0.015769;;;;115;6.95009;0.000000;0.810378;2.077444;0.437677;2.249076;2.178198;0.015769
116;7.0099;0.000000;0.810405;2.077134;0.437675;2.249147;2.178125;0.015769;;;;116;7.0099;0.000000;0.810405;2.077134;0.437675;2.249147;2.178125;0.015769
117;7.07897;0.000000;0.810449;2.076840;0.437672;2.249196;2.178074;0.015769;;;;117;7.07897;0.000000;0.810449;2.076840;0.437672;2.249196;2.178074;0.015769
118;7.13201;0.000000;0.810485;2.076546;0.437676;2.249175;2.178096;0.015769;;;;118;7.13201;0.000000;0.810485;2.076546;0.437676;2.249175;2.178096;0.015769
119;7.19205;0.000000;0.810505;2.076262;0.437675;2.249213;2.178057;0.015769;;;;119;7.19205;0.000000;0.810505;2.076262;0.437675;2.249213;2.178057;0.015769
120;7.25285;0.000000;0.810517;2.076023;0.437674;2.249090;2.178182;0.015769;;;;120;7.25285;0.000000;0.810517;2.076023;0.437674;2.249090;2.178182;0.015769
121;7.33194;0.000000;0.810530;2.075792;0.437679;2.249078;2.178175;0.015745;;;;121;7.33194;0.000000;0.810530;2.075792;0.437679;2.249078;2.178175;0.015745
122;7.38402;0.000000;0.810567;2.075543;0.437676;2.249037;2.178216;0.015745;;;;122;7.38402;0.000000;0.810567;2.075543;0.437676;2.249037;2.178216;0.015745
123;7.44405;0.000000;0.810603;2.075258;0.437674;2.249088;2.178164;0.015745;;;;123;7.44405;0.000000;0.810603;2.075258;0.437674;2.249088;2.178164;0.015745
124;7.50493;0.000000;0.810627;2.075018;0.437678;2.249048;2.178205;0.015745;;;;124;7.50493;0.000000;0.810627;2.075018;0.437678;2.249048;2.178205;0.015745
125;7.56951;0.000000;0.810643;2.074760;0.437677;2.249102;2.178150;0.015745;;;;125;7.56951;0.000000;0.810643;2.074760;0.437677;2.249102;2.178150;0.015745
126;7.63135;0.000000;0.810655;2.074530;0.437682;2.249134;2.178116;0.015746;;;;126;7.63135;0.000000;0.810655;2.074530;0.437682;2.249134;2.178116;0.015746
127;7.684;0.000000;0.810669;2.074334;0.437681;2.249088;2.178163;0.015745;;;;127;7.684;0.000000;0.810669;2.074334;0.437681;2.249088;2.178163;0.015745
128;7.74404;0.000000;0.810686;2.074121;0.437686;2.249052;2.178200;0.015745;;;;128;7.74404;0.000000;0.810686;2.074121;0.437686;2.249052;2.178200;0.015745
129;7.80405;0.000000;0.810719;2.073889;0.437684;2.249061;2.178191;0.015745;;;;129;7.80405;0.000000;0.810719;2.073889;0.437684;2.249061;2.178191;0.015745
130;7.87308;0.000000;0.810758;2.073702;0.437681;2.249051;2.178201;0.015745;;;;130;7.87308;0.000000;0.810758;2.073702;0.437681;2.249051;2.178201;0.015745
131;7.94294;0.000000;0.810771;2.073506;0.437686;2.249076;2.178175;0.015745;;;;131;7.94294;0.000000;0.810771;2.073506;0.437686;2.249076;2.178175;0.015745
132;8.00821;0.000000;0.810776;2.073302;0.437692;2.249207;2.178040;0.015746;;;;132;8.00821;0.000000;0.810776;2.073302;0.437692;2.249207;2.178040;0.015746
133;8.06005;0.000000;0.810785;2.073107;0.437691;2.249185;2.178063;0.015746;;;;133;8.06005;0.000000;0.810785;2.073107;0.437691;2.249185;2.178063;0.015746
134;8.12006;0.000000;0.810803;2.072903;0.437690;2.249161;2.178087;0.015746;;;;134;8.12006;0.000000;0.810803;2.072903;0.437690;2.249161;2.178087;0.015746
135;8.18007;0.000000;0.810825;2.072716;0.437688;2.249116;2.178134;0.015745;;;;135;8.18007;0.000000;0.810825;2.072716;0.437688;2.249116;2.178134;0.015745
136;8.24298;0.000000;0.810844;2.072564;0.437693;2.249122;2.178127;0.015745;;;;136;8.24298;0.000000;0.810844;2.072564;0.437693;2.249122;2.178127;0.015745
137;8.30202;0.000000;0.810859;2.072422;0.437692;2.249165;2.178083;0.015746;;;;137;8.30202;0.000000;0.810859;2.072422;0.437692;2.249165;2.178083;0.015746
138;8.36203;0.000000;0.810870;2.072271;0.437691;2.249184;2.178064;0.015746;;;;138;8.36203;0.000000;0.810870;2.072271;0.437691;2.249184;2.178064;0.015746
139;8.43038;0.000000;0.810880;2.072102;0.437690;2.249188;2.178059;0.015746;;;;139;8.43038;0.000000;0.810880;2.072102;0.437690;2.249188;2.178059;0.015746
140;8.482;0.000000;0.810899;2.071959;0.437695;2.249100;2.178149;0.015745;;;;140;8.482;0.000000;0.810899;2.071959;0.437695;2.249100;2.178149;0.015745
141;8.54223;0.000000;0.810914;2.071808;0.437694;2.249035;2.178216;0.015744;;;;141;8.54223;0.000000;0.810914;2.071808;0.437694;2.249035;2.178216;0.015744
142;8.60202;0.000000;0.810920;2.071648;0.437693;2.249017;2.178234;0.015744;;;;142;8.60202;0.000000;0.810920;2.071648;0.437693;2.249017;2.178234;0.015744
143;8.67097;0.000000;0.810928;2.071515;0.437693;2.248978;2.178274;0.015744;;;;143;8.67097;0.000000;0.810928;2.071515;0.437693;2.248978;2.178274;0.015744
144;8.72405;0.000000;0.810935;2.071391;0.437692;2.248987;2.178265;0.015744;;;;144;8.72405;0.000000;0.810935;2.071391;0.437692;2.248987;2.178265;0.015744
145;8.78405;0.000000;0.810947;2.071266;0.437691;2.249044;2.178206;0.015744;;;;145;8.78405;0.000000;0.810947;2.071266;0.437691;2.249044;2.178206;0.015744
146;8.84401;0.000000;0.810966;2.071132;0.437690;2.249100;2.178149;0.015745;;;;146;8.84401;0.000000;0.810966;2.071132;0.437690;2.249100;2.178149;0.015745
147;8.90605;0.000000;0.810973;2.070999;0.437695;2.249156;2.178091;0.015745;;;;147;8.90605;0.000000;0.810973;2.070999;0.437695;2.249156;2.178091;0.015745
148;8.96618;0.000000;0.810977;2.070892;0.437695;2.249132;2.178116;0.015745;;;;148;8.96618;0.000000;0.810977;2.070892;0.437695;2.249132;2.178116;0.015745
149;9.02608;0.000000;0.810982;2.070786;0.437694;2.249108;2.178140;0.015745;;;;149;9.02608;0.000000;0.810982;2.070786;0.437694;2.249108;2.178140;0.015745
150;9.08608;0.000000;0.810990;2.070688;0.437694;2.249037;2.178213;0.015744;;;;150;9.08608;0.000000;0.810990;2.070688;0.437694;2.249037;2.178213;0.015744
151;9.15099;0.000000;0.811002;2.070581;0.437693;2.249025;2.178225;0.015744;;;;151;9.15099;0.000000;0.811002;2.070581;0.437693;2.249025;2.178225;0.015744
152;9.211;0.000000;0.811006;2.070466;0.437692;2.249059;2.178190;0.015744;;;;152;9.211;0.000000;0.811006;2.070466;0.437692;2.249059;2.178190;0.015744
153;9.26602;0.000000;0.811014;2.070359;0.437692;2.249071;2.178178;0.015745;;;;153;9.26602;0.000000;0.811014;2.070359;0.437692;2.249071;2.178178;0.015745
154;9.34185;0.000000;0.811019;2.070270;0.437691;2.249060;2.178189;0.015744;;;;154;9.34185;0.000000;0.811019;2.070270;0.437691;2.249060;2.178189;0.015744
155;9.40852;0.000000;0.811026;2.070146;0.437691;2.249106;2.178142;0.015745;;;;155;9.40852;0.000000;0.811026;2.070146;0.437691;2.249106;2.178142;0.015745
156;9.46168;0.938824;0.811029;2.070128;0.437696;2.249103;2.178144;0.015745;;;;;;;;;;;;
157;9.52006;0.940267;0.811002;2.069473;0.437697;2.249127;2.178080;0.015698;;;;;;;;;;;;
158;9.58002;0.938752;0.810927;2.067631;0.437697;2.249425;2.177653;0.015561;;;;;;;;;;;;
159;9.64003;0.936255;0.810846;2.065631;0.437699;2.248809;2.176756;0.013798;;;;;;;;;;;;
160;9.70001;0.936255;0.810781;2.063824;0.437717;2.247726;2.176094;0.011932;;;;;;;;;;;;
161;9.75996;0.928577;0.810725;2.062026;0.437746;2.246901;2.175665;0.010780;;;;;;;;;;;;
162;9.82007;0.934523;0.810676;2.060184;0.437772;2.246680;2.175467;0.010597;;;;;;;;;;;;
163;9.88009;0.933849;0.810624;2.058358;0.437807;2.246805;2.175417;0.011123;;;;;;;;;;;;
164;9.94154;0.933849;0.810569;2.056551;0.437814;2.246819;2.175516;0.011352;;;;;;;;;;;;
165;10.007;0.934258;0.810517;2.054770;0.437811;2.247129;2.175954;0.012237;;;;;;;;;;;;
166;10.06;0.930179;0.810468;2.053024;0.437808;2.249123;2.178073;0.017246;;;;;;;;;;;;
167;10.12;0.941038;0.810410;2.051269;0.437806;2.251339;2.180442;0.022901;;;;;;;;;;;;
168;10.1803;0.941831;0.810359;2.049541;0.437793;2.253450;2.182627;0.028154;;;;;;;;;;;;
169;10.2402;0.942382;0.810304;2.047794;0.437747;2.255683;2.184859;0.033194;;;;;;;;;;;;
170;10.3;0.931134;0.810275;2.046055;0.437684;-2.255004;-2.184254;-0.037509;;;;;;;;;;;;
171;10.3601;0.934482;0.810226;2.044316;0.437653;-2.252713;-2.182134;-0.041907;;;;;;;;;;;;
172;10.42;0.934482;0.810149;2.042589;0.437622;-2.250562;-2.180141;-0.046142;;;;;;;;;;;;
173;10.498;0.939830;0.810083;2.040993;0.437627;-2.248600;-2.178643;-0.049578;;;;;;;;;;;;
174;10.5581;0.941705;0.810017;2.039167;0.437616;-2.246783;-2.176472;-0.053903;;;;;;;;;;;;
175;10.6181;0.938162;0.809969;2.037463;0.437592;-2.244923;-2.174679;-0.057991;;;;;;;;;;;;
176;10.6781;0.943564;0.809918;2.035785;0.437468;-2.243168;-2.173137;-0.060689;;;;;;;;;;;;
177;10.7381;0.938434;0.809871;2.034116;0.437402;-2.241506;-2.171604;-0.063977;;;;;;;;;;;;
178;10.8002;0.945139;0.809819;2.032465;0.437355;-2.239620;-2.169951;-0.067921;;;;;;;;;;;;
179;10.858;0.943745;0.809750;2.030806;0.437308;-2.237786;-2.168209;-0.071920;;;;;;;;;;;;
180;10.9199;0.943745;0.809698;2.029136;0.437256;-2.236000;-2.166395;-0.075902;;;;;;;;;;;;
181;10.9782;0.940148;0.809648;2.027520;0.437199;-2.234063;-2.164678;-0.079913;;;;;;;;;;;;
182;11.0381;0.940270;0.809579;2.025860;0.437128;-2.232266;-2.162890;-0.083825;;;;;;;;;;;;
183;11.0981;0.936450;0.809535;2.024242;0.437057;-2.230584;-2.161384;-0.087220;;;;;;;;;;;;
184;11.158;0.936450;0.809470;2.022599;0.436964;-2.228984;-2.159794;-0.090575;;;;;;;;;;;;
185;11.2359;0.941509;0.809393;2.020992;0.436829;-2.227212;-2.158149;-0.094269;;;;;;;;;;;;
186;11.2881;0.943432;0.809380;2.019460;0.436650;-2.225548;-2.156768;-0.097418;;;;;;;;;;;;
187;11.3479;0.946741;0.809358;2.017820;0.436473;-2.223861;-2.154967;-0.101052;;;;;;;;;;;;
188;11.4079;0.946741;0.809300;2.016238;0.436358;-2.222129;-2.153340;-0.104550;;;;;;;;;;;;
189;11.468;0.943899;0.809246;2.014681;0.436236;-2.220434;-2.151760;-0.107873;;;;;;;;;;;;
190;11.5279;0.945539;0.809206;2.013122;0.436078;-2.218574;-2.150067;-0.111574;;;;;;;;;;;;
191;11.588;0.940860;0.809146;2.011556;0.435908;-2.216808;-2.148370;-0.115151;;;;;;;;;;;;
192;11.648;0.944084;0.809094;2.010016;0.435764;-2.214938;-2.146609;-0.118911;;;;;;;;;;;;
193;11.708;0.942996;0.809052;2.008439;0.435609;-2.213388;-2.145040;-0.122014;;;;;;;;;;;;
194;11.7681;0.942996;0.809000;2.006907;0.435467;-2.211728;-2.143468;-0.125264;;;;;;;;;;;;
195;11.8282;0.940982;0.808969;2.005363;0.435329;-2.210054;-2.141814;-0.128640;;;;;;;;;;;;
196;11.888;0.940982;0.808939;2.003854;0.435165;-2.208216;-2.140201;-0.132239;;;;;;;;;;;;
197;11.9481;0.937777;0.808909;2.002327;0.434992;-2.206502;-2.138618;-0.135691;;;;;;;;;;;;
198;12.008;0.937777;0.808829;2.000824;0.434834;-2.204922;-2.137011;-0.138868;;;;;;;;;;;;
199;12.0681;0.946568;0.808766;1.999345;0.434673;-2.203279;-2.135522;-0.142055;;;;;;;;;;;;
200;12.128;0.942626;0.808730;1.997871;0.434516;-2.201612;-2.134023;-0.145211;;;;;;;;;;;;
201;12.188;0.941448;0.808688;1.996397;0.434341;-2.199872;-2.132381;-0.148634;;;;;;;;;;;;
202;12.2482;0.941448;0.808657;1.994931;0.434133;-2.198219;-2.130798;-0.151944;;;;;;;;;;;;
203;12.3081;0.943108;0.808613;1.993475;0.433900;-2.196378;-2.129143;-0.155560;;;;;;;;;;;;
204;12.3679;0.943108;0.808559;1.992028;0.433730;-2.194876;-2.127709;-0.158391;;;;;;;;;;;;
205;12.4281;0.941315;0.808523;1.990552;0.433585;-2.193386;-2.126200;-0.161339;;;;;;;;;;;;
206;12.488;0.941478;0.808497;1.989110;0.433427;-2.191778;-2.124612;-0.164527;;;;;;;;;;;;
207;12.548;0.938473;0.808450;1.987670;0.433224;-2.190180;-2.123096;-0.167580;;;;;;;;;;;;
208;12.6079;0.942996;0.808385;1.986241;0.432983;-2.188485;-2.121572;-0.170749;;;;;;;;;;;;
209;12.668;0.937472;0.808345;1.984836;0.432761;-2.186914;-2.120113;-0.173716;;;;;;;;;;;;
210;12.728;0.941044;0.808306;1.983420;0.432570;-2.185305;-2.118591;-0.176761;;;;;;;;;;;;
211;12.788;0.938137;0.808248;1.982034;0.432383;-2.183624;-2.117059;-0.179942;;;;;;;;;;;;
212;12.8481;0.939986;0.808216;1.980644;0.432198;-2.181911;-2.115490;-0.183189;;;;;;;;;;;;
213;12.932;0.940513;0.808197;1.979387;0.432001;-2.180262;-2.114287;-0.185772;;;;;;;;;;;;
214;13.0029;0.945941;0.808147;1.977899;0.431758;-2.178652;-2.112446;-0.189002;;;;;;;;;;;;
215;13.0581;0.937382;0.808118;1.976597;0.431554;-2.177145;-2.111210;-0.191612;;;;;;;;;;;;
216;13.1212;0.942503;0.808061;1.975181;0.431308;-2.175649;-2.109631;-0.194561;;;;;;;;;;;;
217;13.1916;0.940055;0.808020;1.973826;0.431067;-2.173969;-2.108085;-0.197702;;;;;;;;;;;;
218;13.244;0.946065;0.807980;1.972488;0.430810;-2.172459;-2.106741;-0.200347;;;;;;;;;;;;
219;13.3042;0.945426;0.807923;1.971117;0.430591;-2.170884;-2.105114;-0.203225;;;;;;;;;;;;
220;13.3643;0.943512;0.807885;1.969769;0.430367;-2.169306;-2.103631;-0.206191;;;;;;;;;;;;
221;13.4241;0.939534;0.807843;1.968439;0.430140;-2.167739;-2.102167;-0.209018;;;;;;;;;;;;
222;13.4841;0.936603;0.807783;1.967111;0.429885;-2.166185;-2.100734;-0.211805;;;;;;;;;;;;
223;13.5441;0.943531;0.807753;1.965778;0.429647;-2.164583;-2.099184;-0.214821;;;;;;;;;;;;
224;13.604;0.942367;0.807735;1.964479;0.429428;-2.162971;-2.097699;-0.217720;;;;;;;;;;;;
225;13.664;0.936067;0.807709;1.963190;0.429195;-2.161399;-2.096199;-0.220561;;;;;;;;;;;;
226;13.7241;0.939813;0.807649;1.961915;0.428933;-2.159940;-2.094897;-0.223016;;;;;;;;;;;;
227;13.7841;0.944499;0.807623;1.960625;0.428653;-2.158522;-2.093561;-0.225440;;;;;;;;;;;;
228;13.844;0.943553;0.807584;1.959346;0.428417;-2.156952;-2.092145;-0.228241;;;;;;;;;;;;
229;13.9041;0.939200;0.807551;1.958083;0.428144;-2.155487;-2.090779;-0.230850;;;;;;;;;;;;
230;13.964;0.943327;0.807515;1.956820;0.427871;-2.153887;-2.089274;-0.233799;;;;;;;;;;;;
231;14.0241;0.943327;0.807479;1.955566;0.427646;-2.152364;-2.087833;-0.236501;;;;;;;;;;;;
232;14.084;0.939029;0.807433;1.954295;0.427410;-2.150817;-2.086295;-0.239307;;;;;;;;;;;;
233;14.144;0.941897;0.807392;1.953059;0.427121;-2.149219;-2.084825;-0.242045;;;;;;;;;;;;
234;14.204;0.941824;0.807369;1.951810;0.426803;-2.147651;-2.083319;-0.244823;;;;;;;;;;;;
235;14.2641;0.943145;0.807340;1.950571;0.426568;-2.146118;-2.081844;-0.247580;;;;;;;;;;;;
236;14.3241;0.944739;0.807294;1.949361;0.426338;-2.144645;-2.080473;-0.250192;;;;;;;;;;;;
237;14.3839;0.944739;0.807243;1.948134;0.426052;-2.143181;-2.079090;-0.252849;;;;;;;;;;;;
238;14.4439;0.943176;0.807209;1.946940;0.425788;-2.141634;-2.077668;-0.255519;;;;;;;;;;;;
239;14.504;0.938219;0.807165;1.945747;0.425592;-2.139991;-2.076082;-0.258584;;;;;;;;;;;;
240;14.5749;0.942675;0.807173;1.944544;0.425225;-2.138429;-2.074591;-0.261394;;;;;;;;;;;;
241;14.6361;0.942863;0.807136;1.943450;0.424891;-2.136859;-2.073333;-0.264024;;;;;;;;;;;;
242;14.696;0.944820;0.807088;1.942192;0.424648;-2.135312;-2.071650;-0.267019;;;;;;;;;;;;
243;14.7562;0.946895;0.807055;1.941005;0.424381;-2.133709;-2.070144;-0.269869;;;;;;;;;;;;
244;14.8162;0.947450;0.807013;1.939846;0.424100;-2.132070;-2.068580;-0.272719;;;;;;;;;;;;
245;14.8761;0.946120;0.806968;1.938678;0.423833;-2.130399;-2.067029;-0.275639;;;;;;;;;;;;
246;14.9361;0.941509;0.806941;1.937524;0.423501;-2.128821;-2.065553;-0.278458;;;;;;;;;;;;
247;14.9959;0.945902;0.806921;1.936350;0.423197;-2.127401;-2.064120;-0.281007;;;;;;;;;;;;
248;15.0559;0.946952;0.806901;1.935203;0.422954;-2.126020;-2.062782;-0.283342;;;;;;;;;;;;
249;15.1161;0.941051;0.806864;1.934068;0.422667;-2.124540;-2.061339;-0.285954;;;;;;;;;;;;
250;15.1763;0.944387;0.806819;1.932916;0.422293;-2.122979;-2.059855;-0.288712;;;;;;;;;;;;
251;15.236;0.942174;0.806800;1.931804;0.422027;-2.121515;-2.058543;-0.291084;;;;;;;;;;;;
252;15.296;0.950381;0.806750;1.930671;0.421820;-2.120088;-2.057168;-0.293603;;;;;;;;;;;;
253;15.3559;0.941367;0.806735;1.929566;0.421493;-2.118630;-2.055836;-0.296051;;;;;;;;;;;;
254;15.4161;0.945386;0.806729;1.928451;0.421088;-2.117107;-2.054344;-0.298799;;;;;;;;;;;;
255;15.4773;0.948112;0.806687;1.927378;0.420824;-2.115559;-2.052897;-0.301440;;;;;;;;;;;;
256;15.559;0.943863;0.806648;1.926286;0.420571;-2.113984;-2.051490;-0.304097;;;;;;;;;;;;
257;15.6189;0.947566;0.806603;1.925278;0.420283;-2.112550;-2.050308;-0.306328;;;;;;;;;;;;
258;15.683;0.949977;0.806565;1.924121;0.419937;-2.111191;-2.048846;-0.308724;;;;;;;;;;;;
259;15.7361;0.946104;0.806530;1.923045;0.419635;-2.109840;-2.047565;-0.310952;;;;;;;;;;;;
260;15.796;0.939284;0.806485;1.921971;0.419311;-2.108528;-2.046261;-0.313235;;;;;;;;;;;;
261;15.863;0.939284;0.806477;1.920898;0.418968;-2.107103;-2.044950;-0.315501;;;;;;;;;;;;
262;15.931;0.945874;0.806486;1.919831;0.418684;-2.105660;-2.043552;-0.317964;;;;;;;;;;;;
263;15.998;0.941767;0.806443;1.918884;0.418417;-2.104277;-2.042492;-0.320104;;;;;;;;;;;;
264;16.0583;0.941767;0.806385;1.917719;0.418081;-2.102861;-2.040804;-0.322847;;;;;;;;;;;;
265;16.118;0.957468;0.806356;1.916695;0.417757;-2.101390;-2.039439;-0.325235;;;;;;;;;;;;
266;16.1843;0.957468;0.806327;1.915652;0.417454;-2.100020;-2.038125;-0.327553;;;;;;;;;;;;
267;16.238;0.943376;0.806287;1.914610;0.417183;-2.098614;-2.036785;-0.329903;;;;;;;;;;;;
268;16.298;0.942835;0.806252;1.913595;0.416850;-2.097220;-2.035562;-0.332078;;;;;;;;;;;;
269;16.3581;0.942835;0.806259;1.912562;0.416450;-2.095911;-2.034277;-0.334315;;;;;;;;;;;;
270;16.418;0.949508;0.806230;1.911545;0.416136;-2.094530;-2.033015;-0.336554;;;;;;;;;;;;
271;16.4784;0.947008;0.806187;1.910549;0.415867;-2.093242;-2.031809;-0.338674;;;;;;;;;;;;
272;16.5381;0.947008;0.806172;1.909546;0.415555;-2.091896;-2.030539;-0.340977;;;;;;;;;;;;
273;16.5982;0.949019;0.806126;1.908569;0.415233;-2.090602;-2.029355;-0.343033;;;;;;;;;;;;
274;16.6581;0.950823;0.806106;1.907576;0.414900;-2.089340;-2.028171;-0.345160;;;;;;;;;;;;
275;16.7272;0.950823;0.806094;1.906589;0.414597;-2.088028;-2.026973;-0.347192;;;;;;;;;;;;
276;16.7801;0.946397;0.806078;1.905604;0.414299;-2.086709;-2.025754;-0.349366;;;;;;;;;;;;
277;16.8401;0.952471;0.806043;1.904622;0.413918;-2.085422;-2.024432;-0.351481;;;;;;;;;;;;
278;16.9;0.952332;0.806004;1.903660;0.413567;-2.084030;-2.023191;-0.353781;;;;;;;;;;;;
279;16.9599;0.947068;0.805999;1.902689;0.413267;-2.082745;-2.021929;-0.355830;;;;;;;;;;;;
280;17.02;0.947068;0.805973;1.901722;0.413004;-2.081453;-2.020685;-0.357930;;;;;;;;;;;;
281;17.0799;0.948491;0.805915;1.900772;0.412653;-2.080179;-2.019503;-0.359938;;;;;;;;;;;;
282;17.14;0.948986;0.805897;1.899813;0.412292;-2.078909;-2.018304;-0.362017;;;;;;;;;;;;
283;17.205;0.948986;0.805881;1.898871;0.411994;-2.077696;-2.017187;-0.363768;;;;;;;;;;;;
284;17.27;0.944574;0.805857;1.897930;0.411676;-2.076364;-2.015948;-0.365926;;;;;;;;;;;;
285;17.322;0.947620;0.805817;1.897002;0.411340;-2.075122;-2.014822;-0.367811;;;;;;;;;;;;
286;17.391;0.947620;0.805794;1.896061;0.410979;-2.073919;-2.013648;-0.369730;;;;;;;;;;;;
287;17.4859;0.953051;0.805766;1.895278;0.410743;-2.072812;-2.012912;-0.371070;;;;;;;;;;;;
288;17.5382;0.949236;0.805734;1.894235;0.410408;-2.071618;-2.011409;-0.373383;;;;;;;;;;;;
289;17.598;0.953178;0.805729;1.893316;0.409989;-2.070306;-2.010088;-0.375375;;;;;;;;;;;;
290;17.658;0.953178;0.805727;1.892387;0.409634;-2.069032;-2.008973;-0.377294;;;;;;;;;;;;
291;17.7214;0.955408;0.805699;1.891500;0.409341;-2.067684;-2.007771;-0.379437;;;;;;;;;;;;
292;17.7781;0.950303;0.805662;1.890616;0.409054;-2.066478;-2.006724;-0.381224;;;;;;;;;;;;
293;17.838;0.950303;0.805636;1.889728;0.408777;-2.065291;-2.005613;-0.382977;;;;;;;;;;;;
294;17.8981;0.956183;0.805601;1.888842;0.408410;-2.064115;-2.004542;-0.384732;;;;;;;;;;;;
295;17.9583;0.945856;0.805568;1.887956;0.408009;-2.063023;-2.003464;-0.386352;;;;;;;;;;;;
296;18.0329;0.955325;0.805556;1.887063;0.407718;-2.061860;-2.002439;-0.388001;;;;;;;;;;;;
297;18.09;0.955325;0.805553;1.886234;0.407419;-2.060684;-2.001399;-0.389739;;;;;;;;;;;;
298;18.1501;0.946794;0.805520;1.885337;0.407062;-2.059468;-2.000130;-0.391787;;;;;;;;;;;;
299;18.2102;0.953464;0.805498;1.884455;0.406732;-2.058374;-1.999081;-0.393396;;;;;;;;;;;;
300;18.2701;0.953464;0.805488;1.883589;0.406450;-2.057191;-1.997982;-0.395252;;;;;;;;;;;;
301;18.33;0.951493;0.805441;1.882732;0.406114;-2.055921;-1.996750;-0.397328;;;;;;;;;;;;
302;18.39;0.955343;0.805410;1.881880;0.405722;-2.054689;-1.995571;-0.399240;;;;;;;;;;;;
303;18.4499;0.955343;0.805381;1.881018;0.405358;-2.053441;-1.994364;-0.401319;;;;;;;;;;;;
304;18.5226;0.947337;0.805389;1.880173;0.405065;-2.052219;-1.993256;-0.403139;;;;;;;;;;;;
305;18.5747;0.946852;0.805351;1.879350;0.404761;-2.051105;-1.992246;-0.404727;;;;;;;;;;;;
306;18.6346;0.953328;0.805306;1.878510;0.404384;-2.050055;-1.991275;-0.406125;;;;;;;;;;;;
307;18.6941;0.954337;0.805320;1.877682;0.404059;-2.048942;-1.990191;-0.407814;;;;;;;;;;;;
308;18.7541;0.954337;0.805283;1.876857;0.403767;-2.047901;-1.989155;-0.409286;;;;;;;;;;;;
309;18.814;0.947857;0.805251;1.876041;0.403435;-2.046746;-1.988039;-0.411079;;;;;;;;;;;;
310;18.8812;0.950231;0.805238;1.875219;0.403093;-2.045587;-1.986975;-0.412755;;;;;;;;;;;;
311;18.934;0.955417;0.805225;1.874415;0.402743;-2.044473;-1.985993;-0.414373;;;;;;;;;;;;
312;18.9989;0.955417;0.805179;1.873620;0.402428;-2.043338;-1.984965;-0.416098;;;;;;;;;;;;
313;19.054;0.951472;0.805166;1.872806;0.402079;-2.042249;-1.983930;-0.417698;;;;;;;;;;;;
314;19.114;0.952236;0.805142;1.872033;0.401788;-2.041063;-1.982823;-0.419515;;;;;;;;;;;;
315;19.174;0.953914;0.805124;1.871239;0.401481;-2.039947;-1.981840;-0.421098;;;;;;;;;;;;
316;19.2369;0.958180;0.805106;1.870454;0.401113;-2.038788;-1.980696;-0.422831;;;;;;;;;;;;
317;19.3045;0.958180;0.805098;1.869656;0.400786;-2.037649;-1.979597;-0.424502;;;;;;;;;;;;
318;19.356;0.958180;0.805066;1.868865;0.400465;-2.036612;-1.978626;-0.426121;;;;;;;;;;;;
319;19.4165;0.948960;0.805053;1.868106;0.400140;-2.035508;-1.977640;-0.427552;;;;;;;;;;;;
320;19.476;0.948960;0.805045;1.867317;0.399783;-2.034448;-1.976658;-0.429068;;;;;;;;;;;;
321;19.547;0.947723;0.805046;1.866563;0.399456;-2.033306;-1.975682;-0.430796;;;;;;;;;;;;
322;19.6036;0.959386;0.805002;1.865793;0.399145;-2.032257;-1.974668;-0.432256;;;;;;;;;;;;
323;19.6601;0.949668;0.804959;1.865012;0.398805;-2.031145;-1.973535;-0.433969;;;;;;;;;;;;
324;19.72;0.956938;0.804946;1.864280;0.398475;-2.029974;-1.972480;-0.435769;;;;;;;;;;;;
325;19.78;0.950670;0.804936;1.863500;0.398120;-2.029052;-1.971565;-0.436978;;;;;;;;;;;;
326;19.84;0.958413;0.804903;1.862763;0.397779;-2.027983;-1.970566;-0.438513;;;;;;;;;;;;
327;19.9001;0.955073;0.804874;1.862025;0.397552;-2.026829;-1.969476;-0.440345;;;;;;;;;;;;
328;19.9603;0.953698;0.804856;1.861264;0.397263;-2.025756;-1.968340;-0.442126;;;;;;;;;;;;
329;20.02;0.957562;0.804838;1.860532;0.396841;-2.024637;-1.967302;-0.443830;;;;;;;;;;;;
330;20.0799;0.957562;0.804824;1.859789;0.396515;-2.023538;-1.966263;-0.445669;;;;;;;;;;;;
331;20.1401;0.958087;0.804793;1.859060;0.396181;-2.022488;-1.965261;-0.447144;;;;;;;;;;;;
332;20.2;0.960714;0.804770;1.858376;0.395845;-2.021520;-1.964425;-0.448337;;;;;;;;;;;;
333;20.2599;0.955047;0.804798;1.857611;0.395472;-2.020507;-1.963391;-0.449938;;;;;;;;;;;;
334;20.3212;0.959020;0.804759;1.856902;0.395229;-2.019511;-1.962367;-0.451475;;;;;;;;;;;;
335;20.3864;0.959403;0.804729;1.856209;0.394941;-2.018524;-1.961546;-0.452827;;;;;;;;;;;;
336;20.44;0.954624;0.804714;1.855484;0.394546;-2.017481;-1.960513;-0.454484;;;;;;;;;;;;
337;20.5001;0.962444;0.804693;1.854788;0.394239;-2.016472;-1.959568;-0.455881;;;;;;;;;;;;
338;20.5601;0.958143;0.804683;1.854089;0.393876;-2.015508;-1.958682;-0.457203;;;;;;;;;;;;
339;20.6202;0.961942;0.804666;1.853392;0.393545;-2.014435;-1.957688;-0.458828;;;;;;;;;;;;
340;20.68;0.960867;0.804639;1.852725;0.393227;-2.013395;-1.956735;-0.460389;;;;;;;;;;;;
341;20.74;0.959494;0.804612;1.852031;0.392922;-2.012447;-1.955843;-0.461606;;;;;;;;;;;;
342;20.8001;0.956376;0.804605;1.851320;0.392610;-2.011367;-1.954768;-0.463247;;;;;;;;;;;;
343;20.8603;0.959307;0.804599;1.850647;0.392291;-2.010321;-1.953817;-0.464654;;;;;;;;;;;;
344;20.9201;0.955941;0.804564;1.849963;0.391975;-2.009311;-1.952828;-0.466141;;;;;;;;;;;;
345;20.98;0.959496;0.804525;1.849280;0.391687;-2.008242;-1.951885;-0.467701;;;;;;;;;;;;
346;21.04;0.954114;0.804550;1.848617;0.391325;-2.007247;-1.951003;-0.468929;;;;;;;;;;;;
347;21.1001;0.960666;0.804552;1.847931;0.390953;-2.006331;-1.950170;-0.470145;;;;;;;;;;;;
348;21.1603;0.959804;0.804523;1.847263;0.390667;-2.005433;-1.949255;-0.471385;;;;;;;;;;;;
349;21.2201;0.953211;0.804484;1.846617;0.390346;-2.004468;-1.948380;-0.472722;;;;;;;;;;;;
350;21.28;0.955598;0.804455;1.845940;0.390007;-2.003471;-1.947438;-0.474184;;;;;;;;;;;;
351;21.34;0.955598;0.804442;1.845286;0.389689;-2.002464;-1.946484;-0.475548;;;;;;;;;;;;
352;21.4;0.958398;0.804437;1.844649;0.389382;-2.001491;-1.945673;-0.476776;;;;;;;;;;;;
353;21.4671;0.957879;0.804406;1.844000;0.389077;-2.000513;-1.944795;-0.478030;;;;;;;;;;;;
354;21.5308;0.957879;0.804419;1.843337;0.388751;-1.999602;-1.943932;-0.479192;;;;;;;;;;;;
355;21.6032;0.954105;0.804405;1.842712;0.388444;-1.998596;-1.942980;-0.480788;;;;;;;;;;;;
356;21.6659;0.956450;0.804367;1.842083;0.388143;-1.997606;-1.941982;-0.482322;;;;;;;;;;;;
357;21.743;0.956450;0.804344;1.841411;0.387812;-1.996590;-1.940989;-0.483857;;;;;;;;;;;;
358;21.8061;0.956450;0.804321;1.840836;0.387489;-1.995585;-1.940152;-0.485227;;;;;;;;;;;;
359;21.858;0.954874;0.804302;1.840191;0.387169;-1.994592;-1.939028;-0.486937;;;;;;;;;;;;
360;21.9179;0.954874;0.804291;1.839544;0.386862;-1.993613;-1.938091;-0.488344;;;;;;;;;;;;
361;21.9781;0.957116;0.804229;1.838951;0.386554;-1.992738;-1.937320;-0.489485;;;;;;;;;;;;
362;22.0381;0.955032;0.804275;1.838305;0.386225;-1.991810;-1.936432;-0.490849;;;;;;;;;;;;
363;22.0979;0.954016;0.804258;1.837688;0.385921;-1.990937;-1.935609;-0.492032;;;;;;;;;;;;
364;22.158;0.965228;0.804242;1.837090;0.385615;-1.990034;-1.934844;-0.493236;;;;;;;;;;;;
365;22.218;0.965228;0.804240;1.836477;0.385302;-1.989141;-1.933985;-0.494607;;;;;;;;;;;;
366;22.278;0.955107;0.804214;1.835853;0.384999;-1.988326;-1.933135;-0.495624;;;;;;;;;;;;
367;22.3381;0.952952;0.804203;1.835242;0.384604;-1.987460;-1.932298;-0.496766;;;;;;;;;;;;
368;22.3981;0.957318;0.804180;1.834684;0.384316;-1.986508;-1.931485;-0.497971;;;;;;;;;;;;
369;22.4631;0.952993;0.804157;1.834087;0.384000;-1.985623;-1.930675;-0.499160;;;;;;;;;;;;
370;22.518;0.957991;0.804141;1.833487;0.383684;-1.984673;-1.929792;-0.500478;;;;;;;;;;;;
371;22.5781;0.960454;0.804155;1.832897;0.383414;-1.983752;-1.928930;-0.501789;;;;;;;;;;;;
372;22.641;0.962006;0.804144;1.832305;0.383091;-1.982775;-1.928017;-0.503103;;;;;;;;;;;;
373;22.698;0.958647;0.804123;1.831706;0.382795;-1.981843;-1.927115;-0.504498;;;;;;;;;;;;
374;22.7581;0.960360;0.804107;1.831134;0.382531;-1.980945;-1.926278;-0.505770;;;;;;;;;;;;
375;22.818;0.962410;0.804091;1.830572;0.382194;-1.980005;-1.925452;-0.506945;;;;;;;;;;;;
376;22.883;0.955479;0.804081;1.829979;0.381839;-1.979212;-1.924704;-0.507869;;;;;;;;;;;;
377;22.943;0.955960;0.804076;1.829394;0.381510;-1.978359;-1.923892;-0.509043;;;;;;;;;;;;
378;22.998;0.952034;0.804048;1.828854;0.381223;-1.977505;-1.923144;-0.509993;;;;;;;;;;;;
379;23.058;0.952034;0.804040;1.828288;0.380940;-1.976612;-1.922347;-0.511226;;;;;;;;;;;;
380;23.118;0.957655;0.804009;1.827701;0.380626;-1.975807;-1.921482;-0.512323;;;;;;;;;;;;
381;23.178;0.953236;0.803985;1.827130;0.380348;-1.974942;-1.920812;-0.513375;;;;;;;;;;;;
382;23.2523;0.956235;0.803973;1.826585;0.380086;-1.973987;-1.919890;-0.514772;;;;;;;;;;;;
383;23.3041;0.958966;0.803936;1.826057;0.379763;-1.973113;-1.919073;-0.516075;;;;;;;;;;;;
384;23.3751;0.958145;0.803977;1.825446;0.379386;-1.972312;-1.918196;-0.517019;;;;;;;;;;;;
385;23.4309;0.961990;0.803982;1.824933;0.379082;-1.971411;-1.917482;-0.518113;;;;;;;;;;;;
386;23.488;0.955353;0.803955;1.824392;0.378807;-1.970528;-1.916567;-0.519378;;;;;;;;;;;;
387;23.5482;0.961757;0.803917;1.823815;0.378532;-1.969577;-1.915541;-0.520905;;;;;;;;;;;;
388;23.608;0.961904;0.803895;1.823281;0.378183;-1.968664;-1.914710;-0.522177;;;;;;;;;;;;
389;23.668;0.958328;0.803878;1.822765;0.377892;-1.967718;-1.913861;-0.523673;;;;;;;;;;;;
390;23.728;0.963863;0.803868;1.822237;0.377620;-1.966864;-1.913102;-0.524774;;;;;;;;;;;;
391;23.7881;0.956647;0.803849;1.821673;0.377303;-1.966120;-1.912310;-0.525707;;;;;;;;;;;;
392;23.8482;0.956647;0.803846;1.821142;0.377010;-1.965223;-1.911571;-0.526911;;;;;;;;;;;;
393;23.915;0.957432;0.803819;1.820648;0.376718;-1.964415;-1.910828;-0.527974;;;;;;;;;;;;
394;23.968;0.956483;0.803800;1.820112;0.376426;-1.963621;-1.909967;-0.529080;;;;;;;;;;;;
395;24.035;0.955589;0.803799;1.819570;0.376183;-1.962835;-1.909195;-0.530260;;;;;;;;;;;;
396;24.095;0.962756;0.803812;1.819062;0.375897;-1.962049;-1.908427;-0.531321;;;;;;;;;;;;
397;24.154;0.963088;0.803811;1.818579;0.375505;-1.961280;-1.907822;-0.532173;;;;;;;;;;;;
398;24.214;0.963088;0.803774;1.818039;0.375166;-1.960532;-1.907017;-0.533172;;;;;;;;;;;;
399;24.274;0.957856;0.803748;1.817504;0.374925;-1.959765;-1.906272;-0.534352;;;;;;;;;;;;
400;24.3341;0.957856;0.803746;1.817011;0.374638;-1.958958;-1.905566;-0.535410;;;;;;;;;;;;
401;24.3992;0.957517;0.803748;1.816506;0.374348;-1.958134;-1.904823;-0.536471;;;;;;;;;;;;
402;24.4541;0.950587;0.803720;1.816011;0.374053;-1.957396;-1.904152;-0.537229;;;;;;;;;;;;
403;24.514;0.957969;0.803689;1.815507;0.373754;-1.956584;-1.903360;-0.538265;;;;;;;;;;;;
404;24.574;0.957969;0.803688;1.815022;0.373487;-1.955701;-1.902545;-0.539456;;;;;;;;;;;;
405;24.6414;0.959149;0.803690;1.814545;0.373223;-1.954937;-1.901886;-0.540388;;;;;;;;;;;;
406;24.695;0.959149;0.803667;1.814029;0.372885;-1.954121;-1.901091;-0.541501;;;;;;;;;;;;
407;24.754;0.950785;0.803653;1.813528;0.372572;-1.953268;-1.900329;-0.542573;;;;;;;;;;;;
408;24.8256;0.950785;0.803646;1.813045;0.372298;-1.952407;-1.899519;-0.543785;;;;;;;;;;;;
409;24.9033;0.962327;0.803629;1.812574;0.372021;-1.951691;-1.898874;-0.544539;;;;;;;;;;;;
410;24.9589;0.956496;0.803598;1.812108;0.371756;-1.950874;-1.898203;-0.545583;;;;;;;;;;;;
411;25.0159;0.956496;0.803623;1.811574;0.371473;-1.950132;-1.897395;-0.546700;;;;;;;;;;;;
412;25.0761;0.957258;0.803639;1.811102;0.371171;-1.949323;-1.896683;-0.547644;;;;;;;;;;;;
413;25.136;0.958785;0.803600;1.810657;0.370921;-1.948597;-1.896096;-0.548394;;;;;;;;;;;;
414;25.1961;0.956367;0.803574;1.810179;0.370623;-1.947902;-1.895404;-0.549209;;;;;;;;;;;;
415;25.2561;0.952475;0.803543;1.809713;0.370324;-1.947142;-1.894758;-0.550052;;;;;;;;;;;;
416;25.316;0.953937;0.803504;1.809229;0.370069;-1.946352;-1.893903;-0.551322;;;;;;;;;;;;
417;25.376;0.953937;0.803526;1.808763;0.369757;-1.945580;-1.893199;-0.552297;;;;;;;;;;;;
418;25.4359;0.958314;0.803545;1.808299;0.369462;-1.944859;-1.892524;-0.553213;;;;;;;;;;;;
419;25.4959;0.958314;0.803500;1.807817;0.369167;-1.944070;-1.891728;-0.554382;;;;;;;;;;;;
420;25.5561;0.956185;0.803478;1.807366;0.368882;-1.943250;-1.890954;-0.555538;;;;;;;;;;;;
421;25.6161;0.957590;0.803486;1.806905;0.368562;-1.942403;-1.890175;-0.556674;;;;;;;;;;;;
422;25.676;0.954534;0.803489;1.806436;0.368304;-1.941548;-1.889362;-0.557895;;;;;;;;;;;;
423;25.736;0.955449;0.803473;1.805982;0.368110;-1.940787;-1.888571;-0.559002;;;;;;;;;;;;
424;25.796;0.960674;0.803468;1.805515;0.367878;-1.939929;-1.887763;-0.560301;;;;;;;;;;;;
425;25.856;0.961474;0.803448;1.805063;0.367559;-1.939241;-1.887072;-0.561195;;;;;;;;;;;;
426;25.9191;0.961878;0.803443;1.804645;0.367222;-1.938540;-1.886396;-0.562005;;;;;;;;;;;;
427;25.9761;0.958571;0.803448;1.804203;0.366983;-1.937802;-1.885710;-0.563126;;;;;;;;;;;;
428;26.0389;0.955716;0.803427;1.803731;0.366656;-1.937181;-1.885087;-0.563750;;;;;;;;;;;;
429;26.096;0.959275;0.803405;1.803308;0.366417;-1.936407;-1.884410;-0.564745;;;;;;;;;;;;
430;26.156;0.956149;0.803375;1.802879;0.366154;-1.935742;-1.883790;-0.565518;;;;;;;;;;;;
431;26.2161;0.956149;0.803369;1.802460;0.365818;-1.934927;-1.883052;-0.566662;;;;;;;;;;;;
432;26.2762;0.960983;0.803358;1.802033;0.365573;-1.934274;-1.882449;-0.567416;;;;;;;;;;;;
433;26.336;0.951382;0.803356;1.801593;0.365315;-1.933504;-1.881640;-0.568654;;;;;;;;;;;;
434;26.396;0.960551;0.803343;1.801138;0.365044;-1.932770;-1.880944;-0.569673;;;;;;;;;;;;
435;26.471;0.956703;0.803339;1.800738;0.364784;-1.932022;-1.880312;-0.570562;;;;;;;;;;;;
436;26.551;0.952840;0.803328;1.800330;0.364480;-1.931270;-1.879681;-0.571492;;;;;;;;;;;;
437;26.6061;0.952792;0.803298;1.799919;0.364238;-1.930599;-1.879015;-0.572337;;;;;;;;;;;;
438;26.6661;0.957450;0.803327;1.799458;0.363994;-1.929878;-1.878225;-0.573404;;;;;;;;;;;;
439;26.7261;0.952458;0.803324;1.799027;0.363768;-1.929041;-1.877359;-0.574598;;;;;;;;;;;;
440;26.7861;0.957795;0.803297;1.798625;0.363532;-1.928149;-1.876511;-0.575988;;;;;;;;;;;;
441;26.8496;0.962859;0.803264;1.798235;0.363165;-1.927434;-1.875848;-0.576769;;;;;;;;;;;;
442;26.9194;0.957045;0.803268;1.797811;0.362805;-1.926648;-1.875110;-0.577792;;;;;;;;;;;;
443;26.9742;0.957045;0.803252;1.797385;0.362578;-1.925951;-1.874493;-0.578777;;;;;;;;;;;;
444;27.032;0.958895;0.803247;1.796974;0.362335;-1.925197;-1.873711;-0.579858;;;;;;;;;;;;
445;27.1028;0.958895;0.803244;1.796582;0.362097;-1.924480;-1.873049;-0.580712;;;;;;;;;;;;
446;27.1585;0.954400;0.803233;1.796193;0.361835;-1.923713;-1.872395;-0.581690;;;;;;;;;;;;
447;27.2144;0.954400;0.803208;1.795790;0.361586;-1.922947;-1.871643;-0.582790;;;;;;;;;;;;
448;27.2743;0.959189;0.803204;1.795388;0.361340;-1.922195;-1.870949;-0.583752;;;;;;;;;;;;
449;27.3369;0.959189;0.803181;1.794983;0.361074;-1.921421;-1.870120;-0.584901;;;;;;;;;;;;
450;27.419;0.959189;0.803187;1.794588;0.360789;-1.920684;-1.869388;-0.585843;;;;;;;;;;;;
451;27.472;0.962302;0.803171;1.794229;0.360571;-1.919924;-1.868805;-0.586835;;;;;;;;;;;;
452;27.5319;0.962302;0.803169;1.793787;0.360286;-1.919222;-1.867865;-0.588065;;;;;;;;;;;;
453;27.5991;0.958787;0.803177;1.793391;0.359993;-1.918556;-1.867267;-0.588929;;;;;;;;;;;;
454;27.652;0.961517;0.803162;1.792993;0.359726;-1.917839;-1.866475;-0.590137;;;;;;;;;;;;
455;27.714;0.960189;0.803161;1.792619;0.359479;-1.917195;-1.865945;-0.590948;;;;;;;;;;;;
456;27.7741;0.961193;0.803164;1.792244;0.359194;-1.916485;-1.865223;-0.591873;;;;;;;;;;;;
457;27.8342;0.961193;0.803128;1.791872;0.358972;-1.915799;-1.864517;-0.592900;;;;;;;;;;;;
458;27.894;0.962313;0.803105;1.791486;0.358737;-1.915071;-1.863800;-0.594047;;;;;;;;;;;;
459;27.9541;0.964907;0.803079;1.791091;0.358478;-1.914380;-1.863139;-0.594968;;;;;;;;;;;;
460;28.0191;0.958662;0.803095;1.790711;0.358219;-1.913704;-1.862446;-0.595863;;;;;;;;;;;;
461;28.074;0.961668;0.803114;1.790359;0.357954;-1.912934;-1.861790;-0.597013;;;;;;;;;;;;
462;28.1339;0.961668;0.803087;1.789994;0.357706;-1.912302;-1.861180;-0.597850;;;;;;;;;;;;
463;28.194;0.958867;0.803065;1.789607;0.357460;-1.911637;-1.860464;-0.598852;;;;;;;;;;;;
464;28.254;0.956659;0.803044;1.789220;0.357187;-1.911054;-1.859767;-0.599553;;;;;;;;;;;;
465;28.3229;0.955828;0.803048;1.788843;0.356959;-1.910341;-1.859195;-0.600446;;;;;;;;;;;;
466;28.3789;0.958749;0.803060;1.788474;0.356700;-1.909709;-1.858667;-0.601268;;;;;;;;;;;;
467;28.4361;0.954761;0.803051;1.788141;0.356405;-1.909045;-1.858076;-0.602125;;;;;;;;;;;;
468;28.496;0.961762;0.803050;1.787776;0.356167;-1.908442;-1.857505;-0.602897;;;;;;;;;;;;
469;28.5561;0.961762;0.803017;1.787393;0.355895;-1.907784;-1.856769;-0.603821;;;;;;;;;;;;
470;28.6258;0.955238;0.802995;1.787025;0.355672;-1.907237;-1.856231;-0.604362;;;;;;;;;;;;
471;28.6868;0.956324;0.802983;1.786693;0.355479;-1.906537;-1.855690;-0.605165;;;;;;;;;;;;
472;28.7575;0.956324;0.802999;1.786351;0.355243;-1.905890;-1.855087;-0.605989;;;;;;;;;;;;
473;28.8101;0.961990;0.802992;1.785998;0.354991;-1.905259;-1.854544;-0.606801;;;;;;;;;;;;
474;28.875;0.959037;0.802992;1.785622;0.354694;-1.904661;-1.853876;-0.607586;;;;;;;;;;;;
475;28.9299;0.959037;0.802963;1.785286;0.354486;-1.903981;-1.853248;-0.608416;;;;;;;;;;;;
476;28.9901;0.959037;0.802921;1.784925;0.354277;-1.903451;-1.852738;-0.608955;;;;;;;;;;;;
477;29.0589;0.949683;0.802908;1.784564;0.353985;-1.902843;-1.852165;-0.609729;;;;;;;;;;;;
478;29.112;0.949683;0.802944;1.784244;0.353743;-1.902168;-1.851561;-0.610601;;;;;;;;;;;;
479;29.172;0.959441;0.802945;1.783907;0.353487;-1.901544;-1.850947;-0.611361;;;;;;;;;;;;
480;29.232;0.959441;0.802940;1.783552;0.353215;-1.900833;-1.850343;-0.612381;;;;;;;;;;;;
481;29.2921;0.953092;0.802928;1.783190;0.352954;-1.900273;-1.849767;-0.613108;;;;;;;;;;;;
482;29.3523;0.958038;0.802924;1.782835;0.352735;-1.899589;-1.849095;-0.614130;;;;;;;;;;;;
483;29.412;0.961729;0.802923;1.782518;0.352529;-1.898956;-1.848626;-0.614696;;;;;;;;;;;;
484;29.475;0.954502;0.802910;1.782185;0.352280;-1.898350;-1.847992;-0.615383;;;;;;;;;;;;
485;29.542;0.959597;0.802920;1.781854;0.352057;-1.897761;-1.847407;-0.616219;;;;;;;;;;;;
486;29.6019;0.956029;0.802887;1.781489;0.351816;-1.897166;-1.846779;-0.617006;;;;;;;;;;;;
487;29.6621;0.962310;0.802879;1.781155;0.351571;-1.896570;-1.846181;-0.617763;;;;;;;;;;;;
488;29.722;0.962310;0.802852;1.780837;0.351348;-1.895988;-1.845715;-0.618401;;;;;;;;;;;;
489;29.7819;0.962310;0.802849;1.780521;0.351127;-1.895355;-1.845102;-0.619336;;;;;;;;;;;;
490;29.8419;0.962310;0.802874;1.780204;0.350917;-1.894767;-1.844564;-0.620130;;;;;;;;;;;;
491;29.9019;0.958145;0.802865;1.779889;0.350690;-1.894236;-1.844047;-0.620722;;;;;;;;;;;;
492;29.9619;0.958145;0.802844;1.779569;0.350410;-1.893669;-1.843507;-0.621462;;;;;;;;;;;;
493;30.0221;0.965572;0.802828;1.779228;0.350115;-1.893122;-1.842973;-0.622189;;;;;;;;;;;;
494;30.0821;0.961019;0.802814;1.778895;0.349903;-1.892474;-1.842259;-0.623307;;;;;;;;;;;;
495;30.142;0.954650;0.802818;1.778576;0.349685;-1.891886;-1.841806;-0.623988;;;;;;;;;;;;
496;30.202;0.957691;0.802803;1.778273;0.349442;-1.891293;-1.841181;-0.624792;;;;;;;;;;;;
497;30.262;0.959327;0.802791;1.777959;0.349244;-1.890809;-1.840753;-0.625079;;;;;;;;;;;;
498;30.3224;0.956379;0.802782;1.777654;0.349059;-1.890248;-1.840151;-0.625808;;;;;;;;;;;;
499;30.3821;0.957129;0.802779;1.777336;0.348839;-1.889582;-1.839599;-0.626632;;;;;;;;;;;;
500;30.4419;0.957129;0.802776;1.777019;0.348590;-1.889035;-1.839116;-0.627208;;;;;;;;;;;;
501;30.504;0.955730;0.802767;1.776694;0.348315;-1.888367;-1.838429;-0.628190;;;;;;;;;;;;
502;30.564;0.952744;0.802774;1.776403;0.348075;-1.887817;-1.837888;-0.628819;;;;;;;;;;;;
503;30.624;0.963086;0.802764;1.776118;0.347845;-1.887264;-1.837384;-0.629367;;;;;;;;;;;;
504;30.684;0.955896;0.802746;1.775816;0.347646;-1.886695;-1.836878;-0.630093;;;;;;;;;;;;
505;30.7439;0.957957;0.802725;1.775505;0.347446;-1.886167;-1.836386;-0.630747;;;;;;;;;;;;
506;30.804;0.957957;0.802714;1.775181;0.347206;-1.885526;-1.835798;-0.631637;;;;;;;;;;;;
507;30.864;0.959190;0.802720;1.774870;0.346938;-1.884998;-1.835205;-0.632288;;;;;;;;;;;;
508;30.9239;0.959190;0.802715;1.774563;0.346695;-1.884433;-1.834689;-0.632975;;;;;;;;;;;;
509;30.984;0.956968;0.802685;1.774275;0.346500;-1.883905;-1.834223;-0.633606;;;;;;;;;;;;
510;31.044;0.958523;0.802681;1.773997;0.346343;-1.883382;-1.833824;-0.634065;;;;;;;;;;;;
511;31.104;0.953439;0.802689;1.773704;0.346189;-1.882826;-1.833267;-0.634756;;;;;;;;;;;;
512;31.164;0.953100;0.802721;1.773393;0.345976;-1.882335;-1.832858;-0.635269;;;;;;;;;;;;
513;31.254;0.954767;0.802710;1.773108;0.345655;-1.881843;-1.832543;-0.635773;;;;;;;;;;;;
514;31.319;0.958106;0.802691;1.772796;0.345388;-1.881380;-1.831942;-0.636316;;;;;;;;;;;;
515;31.3841;0.954167;0.802633;1.772518;0.345225;-1.880894;-1.831645;-0.636734;;;;;;;;;;;;
516;31.447;0.956302;0.802636;1.772258;0.345006;-1.880365;-1.831163;-0.637196;;;;;;;;;;;;
517;31.504;0.956302;0.802643;1.771956;0.344734;-1.879827;-1.830597;-0.637862;;;;;;;;;;;;
518;31.567;0.953960;0.802638;1.771658;0.344519;-1.879300;-1.830127;-0.638531;;;;;;;;;;;;
519;31.6269;0.953960;0.802617;1.771376;0.344340;-1.878744;-1.829636;-0.639166;;;;;;;;;;;;
520;31.6948;0.951554;0.802625;1.771093;0.344142;-1.878165;-1.829169;-0.639732;;;;;;;;;;;;
521;31.7461;0.952096;0.802653;1.770803;0.343929;-1.877640;-1.828661;-0.640367;;;;;;;;;;;;
522;31.806;0.952096;0.802633;1.770511;0.343695;-1.877119;-1.828164;-0.640914;;;;;;;;;;;;
523;31.866;0.961554;0.802622;1.770225;0.343445;-1.876521;-1.827619;-0.641777;;;;;;;;;;;;
524;31.926;0.960320;0.802607;1.769961;0.343201;-1.876020;-1.827020;-0.642357;;;;;;;;;;;;
525;31.986;0.954848;0.802603;1.769692;0.343014;-1.875494;-1.826626;-0.642821;;;;;;;;;;;;
526;32.046;0.954062;0.802601;1.769403;0.342839;-1.874818;-1.825875;-0.643964;;;;;;;;;;;;
527;32.1061;0.954261;0.802588;1.769108;0.342636;-1.874314;-1.825483;-0.644526;;;;;;;;;;;;
528;32.166;0.960759;0.802603;1.768812;0.342387;-1.873782;-1.824937;-0.645281;;;;;;;;;;;;
529;32.226;0.960759;0.802593;1.768556;0.342172;-1.873187;-1.824431;-0.646163;;;;;;;;;;;;
530;32.3027;0.962049;0.802575;1.768302;0.341998;-1.872771;-1.824069;-0.646560;;;;;;;;;;;;
531;32.3582;0.953906;0.802559;1.768057;0.341816;-1.872368;-1.823589;-0.647018;;;;;;;;;;;;
532;32.414;0.957938;0.802547;1.767772;0.341613;-1.871790;-1.822919;-0.647913;;;;;;;;;;;;
533;32.474;0.957162;0.802538;1.767515;0.341400;-1.871329;-1.822513;-0.648366;;;;;;;;;;;;
534;32.534;0.957162;0.802531;1.767257;0.341159;-1.870859;-1.822225;-0.648861;;;;;;;;;;;;
535;32.5998;0.957162;0.802528;1.766988;0.340966;-1.870437;-1.821747;-0.649428;;;;;;;;;;;;
536;32.6541;0.956167;0.802530;1.766706;0.340784;-1.870062;-1.821288;-0.649859;;;;;;;;;;;;
537;32.714;0.956167;0.802525;1.766417;0.340590;-1.869617;-1.820954;-0.650349;;;;;;;;;;;;
538;32.7759;0.951199;0.802518;1.766150;0.340324;-1.869107;-1.820490;-0.650991;;;;;;;;;;;;
539;32.834;0.951199;0.802501;1.765906;0.340105;-1.868670;-1.820166;-0.651405;;;;;;;;;;;;
540;32.9043;0.955661;0.802508;1.765672;0.339926;-1.868197;-1.819730;-0.651996;;;;;;;;;;;;
541;32.956;0.949399;0.802527;1.765404;0.339734;-1.867766;-1.819241;-0.652513;;;;;;;;;;;;
542;33.0162;0.949399;0.802499;1.765154;0.339535;-1.867317;-1.818924;-0.652719;;;;;;;;;;;;
543;33.083;0.951178;0.802477;1.764881;0.339324;-1.866842;-1.818421;-0.653286;;;;;;;;;;;;
544;33.136;0.958407;0.802463;1.764626;0.339124;-1.866317;-1.817919;-0.653962;;;;;;;;;;;;
545;33.1959;0.958407;0.802454;1.764378;0.338946;-1.865858;-1.817620;-0.654349;;;;;;;;;;;;
546;33.256;0.965394;0.802474;1.764119;0.338766;-1.865379;-1.817095;-0.655098;;;;;;;;;;;;
547;33.3161;0.967444;0.802485;1.763874;0.338551;-1.864871;-1.816635;-0.655629;;;;;;;;;;;;
548;33.3796;0.957477;0.802458;1.763624;0.338335;-1.864472;-1.816297;-0.655917;;;;;;;;;;;;
549;33.4431;0.955387;0.802452;1.763385;0.338158;-1.863920;-1.815830;-0.656633;;;;;;;;;;;;
550;33.496;0.957431;0.802453;1.763133;0.337973;-1.863496;-1.815418;-0.657030;;;;;;;;;;;;
551;33.563;0.957431;0.802441;1.762887;0.337761;-1.863091;-1.814960;-0.657440;;;;;;;;;;;;
552;33.619;0.962248;0.802435;1.762628;0.337575;-1.862569;-1.814464;-0.658161;;;;;;;;;;;;
553;33.676;0.955928;0.802437;1.762376;0.337408;-1.862083;-1.814074;-0.658651;;;;;;;;;;;;
554;33.7429;0.955928;0.802415;1.762123;0.337211;-1.861667;-1.813636;-0.659147;;;;;;;;;;;;
555;33.7959;0.956138;0.802420;1.761880;0.336946;-1.861084;-1.813213;-0.659881;;;;;;;;;;;;
556;33.8559;0.963081;0.802401;1.761666;0.336738;-1.860642;-1.812886;-0.660141;;;;;;;;;;;;
557;33.9159;0.954827;0.802387;1.761440;0.336583;-1.860182;-1.812472;-0.660655;;;;;;;;;;;;
558;33.9817;0.954827;0.802411;1.761189;0.336391;-1.859682;-1.812028;-0.661240;;;;;;;;;;;;
559;34.0421;0.955290;0.802406;1.760940;0.336169;-1.859299;-1.811693;-0.661538;;;;;;;;;;;;
560;34.1021;0.963188;0.802395;1.760703;0.335967;-1.858817;-1.811268;-0.662145;;;;;;;;;;;;
561;34.1619;0.953885;0.802390;1.760473;0.335809;-1.858407;-1.810858;-0.662687;;;;;;;;;;;;
562;34.2219;0.950991;0.802380;1.760235;0.335646;-1.858077;-1.810484;-0.662944;;;;;;;;;;;;
563;34.2829;0.960683;0.802366;1.759989;0.335490;-1.857665;-1.810019;-0.663456;;;;;;;;;;;;
564;34.3421;0.962192;0.802362;1.759758;0.335310;-1.857257;-1.809696;-0.663814;;;;;;;;;;;;
565;34.4029;0.955248;0.802356;1.759539;0.335084;-1.856789;-1.809264;-0.664379;;;;;;;;;;;;
566;34.463;0.955248;0.802365;1.759314;0.334858;-1.856410;-1.808986;-0.664602;;;;;;;;;;;;
567;34.531;0.960918;0.802370;1.759071;0.334666;-1.855996;-1.808629;-0.665045;;;;;;;;;;;;
568;34.584;0.960500;0.802349;1.758847;0.334512;-1.855517;-1.808088;-0.665853;;;;;;;;;;;;
569;34.6439;0.960500;0.802339;1.758619;0.334351;-1.855136;-1.807820;-0.666157;;;;;;;;;;;;
570;34.7041;0.954192;0.802314;1.758387;0.334157;-1.854755;-1.807488;-0.666493;;;;;;;;;;;;
571;34.7639;0.959834;0.802321;1.758152;0.333976;-1.854272;-1.807014;-0.667100;;;;;;;;;;;;
572;34.8239;0.973661;0.802345;1.757901;0.333776;-1.853830;-1.806607;-0.667672;;;;;;;;;;;;
573;34.8839;0.957305;0.802339;1.757701;0.333576;-1.853443;-1.806142;-0.668176;;;;;;;;;;;;
574;34.9439;0.961646;0.802308;1.757492;0.333399;-1.852970;-1.805761;-0.668778;;;;;;;;;;;;
575;35.0039;0.959841;0.802319;1.757276;0.333157;-1.852531;-1.805451;-0.669160;;;;;;;;;;;;
576;35.064;0.960025;0.802307;1.757069;0.332988;-1.852129;-1.805011;-0.669680;;;;;;;;;;;;
577;35.124;0.962136;0.802313;1.756844;0.332850;-1.851674;-1.804606;-0.670275;;;;;;;;;;;;
578;35.1839;0.962136;0.802314;1.756611;0.332702;-1.851306;-1.804188;-0.670694;;;;;;;;;;;;
579;35.2439;0.956813;0.802304;1.756393;0.332548;-1.850842;-1.803640;-0.671502;;;;;;;;;;;;
580;35.3108;0.954492;0.802288;1.756187;0.332378;-1.850328;-1.803215;-0.672262;;;;;;;;;;;;
581;35.383;0.962447;0.802241;1.755974;0.332154;-1.849908;-1.802926;-0.672574;;;;;;;;;;;;
582;35.4361;0.962447;0.802271;1.755730;0.331928;-1.849542;-1.802444;-0.673127;;;;;;;;;;;;
583;35.5033;0.954738;0.802279;1.755535;0.331768;-1.849046;-1.801931;-0.673755;;;;;;;;;;;;
584;35.5562;0.955109;0.802264;1.755328;0.331626;-1.848710;-1.801582;-0.674091;;;;;;;;;;;;
585;35.6169;0.955109;0.802260;1.755108;0.331460;-1.848314;-1.801143;-0.674621;;;;;;;;;;;;
586;35.6761;0.963186;0.802280;1.754898;0.331255;-1.847835;-1.800756;-0.675175;;;;;;;;;;;;
587;35.736;0.955580;0.802270;1.754679;0.331066;-1.847461;-1.800410;-0.675571;;;;;;;;;;;;
588;35.7962;0.965430;0.802252;1.754454;0.330879;-1.847110;-1.799990;-0.675966;;;;;;;;;;;;
589;35.8561;0.965430;0.802250;1.754252;0.330738;-1.846667;-1.799755;-0.676468;;;;;;;;;;;;
590;35.922;0.957785;0.802230;1.754058;0.330576;-1.846279;-1.799364;-0.676957;;;;;;;;;;;;
591;35.976;0.957785;0.802232;1.753835;0.330388;-1.845992;-1.798929;-0.677261;;;;;;;;;;;;
592;36.0361;0.963248;0.802237;1.753620;0.330202;-1.845565;-1.798589;-0.677738;;;;;;;;;;;;
593;36.0963;0.963248;0.802225;1.753413;0.330041;-1.845187;-1.798319;-0.678077;;;;;;;;;;;;
594;36.1559;0.963248;0.802214;1.753225;0.329870;-1.844742;-1.797938;-0.678578;;;;;;;;;;;;
595;36.2159;0.958577;0.802195;1.753030;0.329687;-1.844361;-1.797687;-0.678890;;;;;;;;;;;;
596;36.276;0.969562;0.802194;1.752839;0.329471;-1.843986;-1.797355;-0.679212;;;;;;;;;;;;
597;36.336;0.960178;0.802201;1.752643;0.329322;-1.843548;-1.796946;-0.679804;;;;;;;;;;;;
598;36.3958;0.960178;0.802205;1.752429;0.329183;-1.843268;-1.796724;-0.679940;;;;;;;;;;;;
599;36.456;0.959924;0.802193;1.752221;0.329032;-1.842939;-1.796416;-0.680277;;;;;;;;;;;;
600;36.516;0.963612;0.802199;1.752006;0.328868;-1.842632;-1.796127;-0.680461;;;;;;;;;;;;
601;36.576;0.956526;0.802196;1.751804;0.328697;-1.842168;-1.795711;-0.681077;;;;;;;;;;;;
602;36.636;0.956526;0.802180;1.751598;0.328523;-1.841849;-1.795505;-0.681174;;;;;;;;;;;;
603;36.703;0.963598;0.802179;1.751426;0.328326;-1.841437;-1.795079;-0.681687;;;;;;;;;;;;
604;36.756;0.963598;0.802192;1.751229;0.328124;-1.840997;-1.794713;-0.682100;;;;;;;;;;;;
605;36.8159;0.959814;0.802178;1.751052;0.327993;-1.840623;-1.794491;-0.682323;;;;;;;;;;;;
606;36.8761;0.959814;0.802189;1.750855;0.327864;-1.840213;-1.794095;-0.682832;;;;;;;;;;;;
607;36.936;0.951426;0.802204;1.750646;0.327719;-1.839854;-1.793794;-0.683018;;;;;;;;;;;;
608;36.9959;0.951426;0.802176;1.750465;0.327567;-1.839390;-1.793388;-0.683568;;;;;;;;;;;;
609;37.0562;0.958277;0.802150;1.750252;0.327399;-1.839056;-1.792994;-0.683954;;;;;;;;;;;;
610;37.127;0.960015;0.802165;1.750063;0.327186;-1.838675;-1.792637;-0.684430;;;;;;;;;;;;
611;37.18;0.961301;0.802143;1.749880;0.327037;-1.838164;-1.792268;-0.685126;;;;;;;;;;;;
612;37.247;0.955745;0.802116;1.749688;0.326896;-1.837814;-1.791858;-0.685485;;;;;;;;;;;;
613;37.3;0.957705;0.802130;1.749489;0.326741;-1.837427;-1.791400;-0.686068;;;;;;;;;;;;
614;37.367;0.960052;0.802117;1.749312;0.326573;-1.837014;-1.791151;-0.686398;;;;;;;;;;;;
615;37.422;0.960052;0.802137;1.749121;0.326356;-1.836605;-1.790686;-0.687066;;;;;;;;;;;;
616;37.4821;0.955109;0.802132;1.748930;0.326182;-1.836270;-1.790301;-0.687620;;;;;;;;;;;;
617;37.5421;0.957737;0.802119;1.748773;0.326052;-1.835925;-1.790041;-0.687927;;;;;;;;;;;;
618;37.6031;0.957737;0.802125;1.748598;0.325900;-1.835518;-1.789653;-0.688332;;;;;;;;;;;;
619;37.6622;0.960553;0.802136;1.748401;0.325750;-1.835171;-1.789251;-0.688834;;;;;;;;;;;;
620;37.722;0.962920;0.802109;1.748209;0.325586;-1.834821;-1.788904;-0.689205;;;;;;;;;;;;
621;37.782;0.962920;0.802093;1.748022;0.325412;-1.834457;-1.788574;-0.689784;;;;;;;;;;;;
622;37.842;0.962920;0.802080;1.747834;0.325269;-1.834170;-1.788126;-0.690247;;;;;;;;;;;;
623;37.902;0.960644;0.802081;1.747651;0.325153;-1.833862;-1.787950;-0.690500;;;;;;;;;;;;
624;37.9621;0.960093;0.802101;1.747450;0.325016;-1.833468;-1.787567;-0.691099;;;;;;;;;;;;
625;38.0228;0.956892;0.802112;1.747283;0.324826;-1.833144;-1.787260;-0.691420;;;;;;;;;;;;
626;38.0867;0.962043;0.802090;1.747119;0.324622;-1.832822;-1.786842;-0.691843;;;;;;;;;;;;
627;38.142;0.958209;0.802069;1.746955;0.324486;-1.832471;-1.786618;-0.692145;;;;;;;;;;;;
628;38.2019;0.958209;0.802060;1.746775;0.324362;-1.832140;-1.786245;-0.692602;;;;;;;;;;;;
629;38.2621;0.960970;0.802080;1.746574;0.324206;-1.831850;-1.785874;-0.692874;;;;;;;;;;;;
630;38.322;0.959034;0.802080;1.746391;0.324035;-1.831508;-1.785584;-0.693244;;;;;;;;;;;;
631;38.382;0.962932;0.802071;1.746232;0.323883;-1.831150;-1.785559;-0.693433;;;;;;;;;;;;
632;38.442;0.950796;0.802061;1.746053;0.323721;-1.830818;-1.785137;-0.693994;;;;;;;;;;;;
633;38.5021;0.966220;0.802058;1.745881;0.323586;-1.830434;-1.784775;-0.694431;;;;;;;;;;;;
634;38.5623;0.954641;0.802060;1.745718;0.323445;-1.830068;-1.784334;-0.695025;;;;;;;;;;;;
635;38.627;0.957646;0.802045;1.745540;0.323298;-1.829840;-1.784105;-0.695140;;;;;;;;;;;;
636;38.6869;0.946867;0.802037;1.745350;0.323128;-1.829558;-1.783754;-0.695430;;;;;;;;;;;;
637;38.75;0.959989;0.802030;1.745191;0.322985;-1.829193;-1.783443;-0.695838;;;;;;;;;;;;
638;38.8105;0.959989;0.802030;1.745028;0.322823;-1.828839;-1.783213;-0.696166;;;;;;;;;;;;
639;38.8701;0.960775;0.802032;1.744864;0.322675;-1.828523;-1.782934;-0.696546;;;;;;;;;;;;
640;38.93;0.960713;0.802032;1.744711;0.322524;-1.828160;-1.782597;-0.696966;;;;;;;;;;;;
641;38.9898;0.960713;0.802017;1.744544;0.322381;-1.827827;-1.782431;-0.697179;;;;;;;;;;;;
642;39.05;0.962481;0.802015;1.744393;0.322223;-1.827464;-1.782133;-0.697488;;;;;;;;;;;;
643;39.11;0.967324;0.802031;1.744223;0.322082;-1.827235;-1.781815;-0.697672;;;;;;;;;;;;
644;39.17;0.964776;0.802017;1.744035;0.321943;-1.826899;-1.781445;-0.698136;;;;;;;;;;;;
645;39.2301;0.963549;0.802005;1.743857;0.321800;-1.826497;-1.781129;-0.698605;;;;;;;;;;;;
646;39.2901;0.953738;0.802005;1.743704;0.321651;-1.826159;-1.780814;-0.698982;;;;;;;;;;;;
647;39.35;0.968486;0.802002;1.743542;0.321515;-1.825856;-1.780597;-0.699205;;;;;;;;;;;;
